{
  "roc_auc": 0.9829631909622603,
  "pr_auc": 0.8289190828211637,
  "best_threshold": {
    "thr": 0.25,
    "recall": 0.8699186991869918,
    "precision": 0.20696324951644102,
    "f1": 0.334375
  },
  "confusion_matrix": [
    [
      70669,
      410
    ],
    [
      16,
      107
    ]
  ],
  "classification_report": {
    "0": {
      "precision": 0.9997736436301903,
      "recall": 0.9942317702837687,
      "f1-score": 0.9969950057842611,
      "support": 71079.0
    },
    "1": {
      "precision": 0.20696324951644102,
      "recall": 0.8699186991869918,
      "f1-score": 0.334375,
      "support": 123.0
    },
    "accuracy": 0.9940170219937642,
    "macro avg": {
      "precision": 0.6033684465733157,
      "recall": 0.9320752347353802,
      "f1-score": 0.6656850028921306,
      "support": 71202.0
    },
    "weighted avg": {
      "precision": 0.9984040798752958,
      "recall": 0.9940170219937642,
      "f1-score": 0.9958503432647889,
      "support": 71202.0
    }
  }
}